{"stats":{"minecraft:custom":{"minecraft:interact_with_anvil":70,"minecraft:mob_kills":294,"minecraft:tune_noteblock":122,"minecraft:leave_game":188,"minecraft:time_since_death":1611892,"minecraft:sleep_in_bed":1,"minecraft:damage_resisted":24,"minecraft:time_since_rest":1611925,"minecraft:sprint_one_cm":247306,"minecraft:damage_taken":9081,"minecraft:walk_one_cm":802112,"minecraft:drop":62,"minecraft:damage_dealt":1781,"minecraft:interact_with_beacon":9,"minecraft:play_noteblock":56,"minecraft:swim_one_cm":4526,"minecraft:fly_one_cm":755650,"minecraft:talked_to_villager":4,"minecraft:open_chest":610,"minecraft:crouch_one_cm":4422,"minecraft:play_time":9686961,"minecraft:deaths":52,"minecraft:sneak_time":4397,"minecraft:walk_under_water_one_cm":9840,"minecraft:jump":1982,"minecraft:walk_on_water_one_cm":19453,"minecraft:total_world_time":9686961,"minecraft:fall_one_cm":96458},"minecraft:picked_up":{"minecraft:barrier":251,"minecraft:yellow_wool":1,"minecraft:redstone_lamp":3,"minecraft:leather":3,"minecraft:lead":2,"minecraft:beacon":12,"minecraft:filled_map":64,"minecraft:conduit":7,"minecraft:gunpowder":5,"minecraft:map":2,"minecraft:dirt":65,"minecraft:oak_sign":2,"minecraft:wheat_seeds":2,"minecraft:heart_of_the_sea":1,"minecraft:iron_ingot":1,"minecraft:cyan_wool":1,"minecraft:chest":3,"minecraft:egg":2,"minecraft:sculk_catalyst":7,"minecraft:tipped_arrow":1,"minecraft:oak_slab":1,"minecraft:cooked_porkchop":42,"minecraft:red_stained_glass_pane":103,"minecraft:torch":1,"minecraft:porkchop":16,"minecraft:target":3,"minecraft:white_bed":1,"minecraft:grass_block":9,"minecraft:warden_spawn_egg":3,"minecraft:netherite_pickaxe":3,"minecraft:redstone":1,"minecraft:end_crystal":1,"minecraft:orange_wool":1,"minecraft:gray_stained_glass_pane":221,"minecraft:husk_spawn_egg":1,"minecraft:sugar":1,"minecraft:rotten_flesh":1,"minecraft:iron_block":3,"minecraft:carved_pumpkin":3,"minecraft:saddle":5,"minecraft:ravager_spawn_egg":3,"minecraft:blaze_rod":11,"minecraft:blaze_powder":11},"minecraft:killed":{"minecraft:husk":2,"minecraft:pig":53,"minecraft:salmon":1,"minecraft:iron_golem":4,"minecraft:wandering_trader":2,"minecraft:cod":6,"minecraft:ravager":19,"minecraft:creeper":35,"minecraft:trader_llama":5,"minecraft:chicken":5,"minecraft:warden":16},"minecraft:mined":{"minecraft:powder_snow":28,"minecraft:grass_block":1,"minecraft:beacon":4,"minecraft:tall_grass":3,"minecraft:fire":10,"minecraft:grass":6},"minecraft:killed_by":{"minecraft:husk":3,"minecraft:zombie":1},"minecraft:dropped":{"minecraft:iron_ingot":1,"minecraft:oak_slab":2,"minecraft:wheat_seeds":2,"minecraft:ravager_spawn_egg":1,"minecraft:soul_torch":2,"minecraft:blaze_rod":16,"minecraft:yellow_wool":1,"minecraft:warden_spawn_egg":1,"minecraft:lead":2,"minecraft:rotten_flesh":1,"minecraft:leather":1,"minecraft:blaze_powder":8,"minecraft:grass_block":1,"minecraft:target":1,"minecraft:filled_map":64,"minecraft:iron_block":1,"minecraft:redstone_lamp":1,"minecraft:tipped_arrow":3,"minecraft:gunpowder":5,"minecraft:sculk_catalyst":1,"minecraft:conduit":1,"minecraft:snowball":1,"minecraft:chest":1,"minecraft:carved_pumpkin":1,"minecraft:heart_of_the_sea":3,"minecraft:beacon":2,"minecraft:sand":1,"minecraft:redstone":1,"minecraft:egg":2},"minecraft:used":{"minecraft:lodestone":8,"minecraft:carved_pumpkin":9,"minecraft:redstone":39,"minecraft:oak_sign":57,"minecraft:chest":110,"minecraft:white_dye":23,"minecraft:beacon":162,"minecraft:glow_ink_sac":23,"minecraft:glow_item_frame":4,"minecraft:torch":1,"minecraft:sand":2,"minecraft:dirt":47,"minecraft:anvil":7,"minecraft:target":1,"minecraft:smooth_red_sandstone":4,"minecraft:white_bed":1,"minecraft:note_block":5,"minecraft:snowball":3,"minecraft:warden_spawn_egg":23,"minecraft:creeper_spawn_egg":70,"minecraft:glass":1,"minecraft:ravager_spawn_egg":85,"minecraft:sunflower":1,"minecraft:iron_block":54,"minecraft:grass_block":109,"minecraft:map":2,"minecraft:spawner":1,"minecraft:yellow_wool":14,"minecraft:repeater":1,"minecraft:redstone_lamp":1,"minecraft:glowstone":1,"minecraft:emerald_block":1,"minecraft:porkchop":5,"minecraft:cooked_porkchop":1,"minecraft:netherite_pickaxe":31,"minecraft:lapis_block":3,"minecraft:husk_spawn_egg":2,"minecraft:stripped_spruce_wood":24}},"DataVersion":3120}